sensor,collection,item_id,datetime,cloud_cover,asset,path,status
sentinel-2,sentinel-2-l2a,S2A_MSIL2A_20250722T091541_R007_T33MXT_20250722T115214,2025-07-22 09:15:41.024000+00:00,0.0,B02,C:\Users\eoughton\Desktop\Github\IGARSS26\outputs\bolobo_pilot\imagery_boundary_waterbody\sentinel-2\20250722_S2A_MSIL2A_20250722T091541_R007_T33MXT_20250722T115214\B02.tif,downloaded
sentinel-2,sentinel-2-l2a,S2A_MSIL2A_20250722T091541_R007_T33MXT_20250722T115214,2025-07-22 09:15:41.024000+00:00,0.0,B03,C:\Users\eoughton\Desktop\Github\IGARSS26\outputs\bolobo_pilot\imagery_boundary_waterbody\sentinel-2\20250722_S2A_MSIL2A_20250722T091541_R007_T33MXT_20250722T115214\B03.tif,downloaded
sentinel-2,sentinel-2-l2a,S2A_MSIL2A_20250722T091541_R007_T33MXT_20250722T115214,2025-07-22 09:15:41.024000+00:00,0.0,B04,C:\Users\eoughton\Desktop\Github\IGARSS26\outputs\bolobo_pilot\imagery_boundary_waterbody\sentinel-2\20250722_S2A_MSIL2A_20250722T091541_R007_T33MXT_20250722T115214\B04.tif,downloaded
sentinel-2,sentinel-2-l2a,S2A_MSIL2A_20250722T091541_R007_T33MXT_20250722T115214,2025-07-22 09:15:41.024000+00:00,0.0,B08,C:\Users\eoughton\Desktop\Github\IGARSS26\outputs\bolobo_pilot\imagery_boundary_waterbody\sentinel-2\20250722_S2A_MSIL2A_20250722T091541_R007_T33MXT_20250722T115214\B08.tif,downloaded
sentinel-2,sentinel-2-l2a,S2A_MSIL2A_20250722T091541_R007_T33MXT_20250722T115214,2025-07-22 09:15:41.024000+00:00,0.0,B11,C:\Users\eoughton\Desktop\Github\IGARSS26\outputs\bolobo_pilot\imagery_boundary_waterbody\sentinel-2\20250722_S2A_MSIL2A_20250722T091541_R007_T33MXT_20250722T115214\B11.tif,downloaded
sentinel-2,sentinel-2-l2a,S2A_MSIL2A_20250722T091541_R007_T33MXT_20250722T115214,2025-07-22 09:15:41.024000+00:00,0.0,SCL,C:\Users\eoughton\Desktop\Github\IGARSS26\outputs\bolobo_pilot\imagery_boundary_waterbody\sentinel-2\20250722_S2A_MSIL2A_20250722T091541_R007_T33MXT_20250722T115214\SCL.tif,downloaded
sentinel-2,sentinel-2-l2a,S2B_MSIL2A_20250804T085559_R007_T33MXT_20250804T114050,2025-08-04 08:55:59.024000+00:00,0.005464,B02,C:\Users\eoughton\Desktop\Github\IGARSS26\outputs\bolobo_pilot\imagery_boundary_waterbody\sentinel-2\20250804_S2B_MSIL2A_20250804T085559_R007_T33MXT_20250804T114050\B02.tif,downloaded
sentinel-2,sentinel-2-l2a,S2B_MSIL2A_20250804T085559_R007_T33MXT_20250804T114050,2025-08-04 08:55:59.024000+00:00,0.005464,B03,C:\Users\eoughton\Desktop\Github\IGARSS26\outputs\bolobo_pilot\imagery_boundary_waterbody\sentinel-2\20250804_S2B_MSIL2A_20250804T085559_R007_T33MXT_20250804T114050\B03.tif,downloaded
sentinel-2,sentinel-2-l2a,S2B_MSIL2A_20250804T085559_R007_T33MXT_20250804T114050,2025-08-04 08:55:59.024000+00:00,0.005464,B04,C:\Users\eoughton\Desktop\Github\IGARSS26\outputs\bolobo_pilot\imagery_boundary_waterbody\sentinel-2\20250804_S2B_MSIL2A_20250804T085559_R007_T33MXT_20250804T114050\B04.tif,downloaded
sentinel-2,sentinel-2-l2a,S2B_MSIL2A_20250804T085559_R007_T33MXT_20250804T114050,2025-08-04 08:55:59.024000+00:00,0.005464,B08,C:\Users\eoughton\Desktop\Github\IGARSS26\outputs\bolobo_pilot\imagery_boundary_waterbody\sentinel-2\20250804_S2B_MSIL2A_20250804T085559_R007_T33MXT_20250804T114050\B08.tif,downloaded
sentinel-2,sentinel-2-l2a,S2B_MSIL2A_20250804T085559_R007_T33MXT_20250804T114050,2025-08-04 08:55:59.024000+00:00,0.005464,B11,C:\Users\eoughton\Desktop\Github\IGARSS26\outputs\bolobo_pilot\imagery_boundary_waterbody\sentinel-2\20250804_S2B_MSIL2A_20250804T085559_R007_T33MXT_20250804T114050\B11.tif,downloaded
sentinel-2,sentinel-2-l2a,S2B_MSIL2A_20250804T085559_R007_T33MXT_20250804T114050,2025-08-04 08:55:59.024000+00:00,0.005464,SCL,C:\Users\eoughton\Desktop\Github\IGARSS26\outputs\bolobo_pilot\imagery_boundary_waterbody\sentinel-2\20250804_S2B_MSIL2A_20250804T085559_R007_T33MXT_20250804T114050\SCL.tif,downloaded
sentinel-2,sentinel-2-l2a,S2B_MSIL2A_20220611T085559_R007_T33MXT_20220612T074022,2022-06-11 08:55:59.024000+00:00,0.008079,B02,C:\Users\eoughton\Desktop\Github\IGARSS26\outputs\bolobo_pilot\imagery_boundary_waterbody\sentinel-2\20220611_S2B_MSIL2A_20220611T085559_R007_T33MXT_20220612T074022\B02.tif,downloaded
sentinel-2,sentinel-2-l2a,S2B_MSIL2A_20220611T085559_R007_T33MXT_20220612T074022,2022-06-11 08:55:59.024000+00:00,0.008079,B03,C:\Users\eoughton\Desktop\Github\IGARSS26\outputs\bolobo_pilot\imagery_boundary_waterbody\sentinel-2\20220611_S2B_MSIL2A_20220611T085559_R007_T33MXT_20220612T074022\B03.tif,downloaded
sentinel-2,sentinel-2-l2a,S2B_MSIL2A_20220611T085559_R007_T33MXT_20220612T074022,2022-06-11 08:55:59.024000+00:00,0.008079,B04,C:\Users\eoughton\Desktop\Github\IGARSS26\outputs\bolobo_pilot\imagery_boundary_waterbody\sentinel-2\20220611_S2B_MSIL2A_20220611T085559_R007_T33MXT_20220612T074022\B04.tif,downloaded
sentinel-2,sentinel-2-l2a,S2B_MSIL2A_20220611T085559_R007_T33MXT_20220612T074022,2022-06-11 08:55:59.024000+00:00,0.008079,B08,C:\Users\eoughton\Desktop\Github\IGARSS26\outputs\bolobo_pilot\imagery_boundary_waterbody\sentinel-2\20220611_S2B_MSIL2A_20220611T085559_R007_T33MXT_20220612T074022\B08.tif,downloaded
sentinel-2,sentinel-2-l2a,S2B_MSIL2A_20220611T085559_R007_T33MXT_20220612T074022,2022-06-11 08:55:59.024000+00:00,0.008079,B11,C:\Users\eoughton\Desktop\Github\IGARSS26\outputs\bolobo_pilot\imagery_boundary_waterbody\sentinel-2\20220611_S2B_MSIL2A_20220611T085559_R007_T33MXT_20220612T074022\B11.tif,downloaded
sentinel-2,sentinel-2-l2a,S2B_MSIL2A_20220611T085559_R007_T33MXT_20220612T074022,2022-06-11 08:55:59.024000+00:00,0.008079,SCL,C:\Users\eoughton\Desktop\Github\IGARSS26\outputs\bolobo_pilot\imagery_boundary_waterbody\sentinel-2\20220611_S2B_MSIL2A_20220611T085559_R007_T33MXT_20220612T074022\SCL.tif,downloaded
sentinel-2,sentinel-2-l2a,S2B_MSIL2A_20220611T085559_R007_T33MXT_20240629T171529,2022-06-11 08:55:59.024000+00:00,0.008175,B02,C:\Users\eoughton\Desktop\Github\IGARSS26\outputs\bolobo_pilot\imagery_boundary_waterbody\sentinel-2\20220611_S2B_MSIL2A_20220611T085559_R007_T33MXT_20240629T171529\B02.tif,downloaded
sentinel-2,sentinel-2-l2a,S2B_MSIL2A_20220611T085559_R007_T33MXT_20240629T171529,2022-06-11 08:55:59.024000+00:00,0.008175,B03,C:\Users\eoughton\Desktop\Github\IGARSS26\outputs\bolobo_pilot\imagery_boundary_waterbody\sentinel-2\20220611_S2B_MSIL2A_20220611T085559_R007_T33MXT_20240629T171529\B03.tif,downloaded
sentinel-2,sentinel-2-l2a,S2B_MSIL2A_20220611T085559_R007_T33MXT_20240629T171529,2022-06-11 08:55:59.024000+00:00,0.008175,B04,C:\Users\eoughton\Desktop\Github\IGARSS26\outputs\bolobo_pilot\imagery_boundary_waterbody\sentinel-2\20220611_S2B_MSIL2A_20220611T085559_R007_T33MXT_20240629T171529\B04.tif,downloaded
sentinel-2,sentinel-2-l2a,S2B_MSIL2A_20220611T085559_R007_T33MXT_20240629T171529,2022-06-11 08:55:59.024000+00:00,0.008175,B08,C:\Users\eoughton\Desktop\Github\IGARSS26\outputs\bolobo_pilot\imagery_boundary_waterbody\sentinel-2\20220611_S2B_MSIL2A_20220611T085559_R007_T33MXT_20240629T171529\B08.tif,downloaded
sentinel-2,sentinel-2-l2a,S2B_MSIL2A_20220611T085559_R007_T33MXT_20240629T171529,2022-06-11 08:55:59.024000+00:00,0.008175,B11,C:\Users\eoughton\Desktop\Github\IGARSS26\outputs\bolobo_pilot\imagery_boundary_waterbody\sentinel-2\20220611_S2B_MSIL2A_20220611T085559_R007_T33MXT_20240629T171529\B11.tif,downloaded
sentinel-2,sentinel-2-l2a,S2B_MSIL2A_20220611T085559_R007_T33MXT_20240629T171529,2022-06-11 08:55:59.024000+00:00,0.008175,SCL,C:\Users\eoughton\Desktop\Github\IGARSS26\outputs\bolobo_pilot\imagery_boundary_waterbody\sentinel-2\20220611_S2B_MSIL2A_20220611T085559_R007_T33MXT_20240629T171529\SCL.tif,downloaded
sentinel-2,sentinel-2-l2a,S2B_MSIL2A_20240809T085559_R007_T33MXT_20240809T123034,2024-08-09 08:55:59.024000+00:00,0.100202,B02,C:\Users\eoughton\Desktop\Github\IGARSS26\outputs\bolobo_pilot\imagery_boundary_waterbody\sentinel-2\20240809_S2B_MSIL2A_20240809T085559_R007_T33MXT_20240809T123034\B02.tif,downloaded
sentinel-2,sentinel-2-l2a,S2B_MSIL2A_20240809T085559_R007_T33MXT_20240809T123034,2024-08-09 08:55:59.024000+00:00,0.100202,B03,C:\Users\eoughton\Desktop\Github\IGARSS26\outputs\bolobo_pilot\imagery_boundary_waterbody\sentinel-2\20240809_S2B_MSIL2A_20240809T085559_R007_T33MXT_20240809T123034\B03.tif,downloaded
sentinel-2,sentinel-2-l2a,S2B_MSIL2A_20240809T085559_R007_T33MXT_20240809T123034,2024-08-09 08:55:59.024000+00:00,0.100202,B04,C:\Users\eoughton\Desktop\Github\IGARSS26\outputs\bolobo_pilot\imagery_boundary_waterbody\sentinel-2\20240809_S2B_MSIL2A_20240809T085559_R007_T33MXT_20240809T123034\B04.tif,downloaded
sentinel-2,sentinel-2-l2a,S2B_MSIL2A_20240809T085559_R007_T33MXT_20240809T123034,2024-08-09 08:55:59.024000+00:00,0.100202,B08,C:\Users\eoughton\Desktop\Github\IGARSS26\outputs\bolobo_pilot\imagery_boundary_waterbody\sentinel-2\20240809_S2B_MSIL2A_20240809T085559_R007_T33MXT_20240809T123034\B08.tif,downloaded
sentinel-2,sentinel-2-l2a,S2B_MSIL2A_20240809T085559_R007_T33MXT_20240809T123034,2024-08-09 08:55:59.024000+00:00,0.100202,B11,C:\Users\eoughton\Desktop\Github\IGARSS26\outputs\bolobo_pilot\imagery_boundary_waterbody\sentinel-2\20240809_S2B_MSIL2A_20240809T085559_R007_T33MXT_20240809T123034\B11.tif,downloaded
sentinel-2,sentinel-2-l2a,S2B_MSIL2A_20240809T085559_R007_T33MXT_20240809T123034,2024-08-09 08:55:59.024000+00:00,0.100202,SCL,C:\Users\eoughton\Desktop\Github\IGARSS26\outputs\bolobo_pilot\imagery_boundary_waterbody\sentinel-2\20240809_S2B_MSIL2A_20240809T085559_R007_T33MXT_20240809T123034\SCL.tif,downloaded
sentinel-2,sentinel-2-l2a,S2C_MSIL2A_20250819T085621_R007_T33MXT_20250819T155416,2025-08-19 08:56:21.025000+00:00,0.123832,B02,C:\Users\eoughton\Desktop\Github\IGARSS26\outputs\bolobo_pilot\imagery_boundary_waterbody\sentinel-2\20250819_S2C_MSIL2A_20250819T085621_R007_T33MXT_20250819T155416\B02.tif,downloaded
sentinel-2,sentinel-2-l2a,S2C_MSIL2A_20250819T085621_R007_T33MXT_20250819T155416,2025-08-19 08:56:21.025000+00:00,0.123832,B03,C:\Users\eoughton\Desktop\Github\IGARSS26\outputs\bolobo_pilot\imagery_boundary_waterbody\sentinel-2\20250819_S2C_MSIL2A_20250819T085621_R007_T33MXT_20250819T155416\B03.tif,downloaded
sentinel-2,sentinel-2-l2a,S2C_MSIL2A_20250819T085621_R007_T33MXT_20250819T155416,2025-08-19 08:56:21.025000+00:00,0.123832,B04,C:\Users\eoughton\Desktop\Github\IGARSS26\outputs\bolobo_pilot\imagery_boundary_waterbody\sentinel-2\20250819_S2C_MSIL2A_20250819T085621_R007_T33MXT_20250819T155416\B04.tif,downloaded
sentinel-2,sentinel-2-l2a,S2C_MSIL2A_20250819T085621_R007_T33MXT_20250819T155416,2025-08-19 08:56:21.025000+00:00,0.123832,B08,C:\Users\eoughton\Desktop\Github\IGARSS26\outputs\bolobo_pilot\imagery_boundary_waterbody\sentinel-2\20250819_S2C_MSIL2A_20250819T085621_R007_T33MXT_20250819T155416\B08.tif,downloaded
sentinel-2,sentinel-2-l2a,S2C_MSIL2A_20250819T085621_R007_T33MXT_20250819T155416,2025-08-19 08:56:21.025000+00:00,0.123832,B11,C:\Users\eoughton\Desktop\Github\IGARSS26\outputs\bolobo_pilot\imagery_boundary_waterbody\sentinel-2\20250819_S2C_MSIL2A_20250819T085621_R007_T33MXT_20250819T155416\B11.tif,downloaded
sentinel-2,sentinel-2-l2a,S2C_MSIL2A_20250819T085621_R007_T33MXT_20250819T155416,2025-08-19 08:56:21.025000+00:00,0.123832,SCL,C:\Users\eoughton\Desktop\Github\IGARSS26\outputs\bolobo_pilot\imagery_boundary_waterbody\sentinel-2\20250819_S2C_MSIL2A_20250819T085621_R007_T33MXT_20250819T155416\SCL.tif,downloaded
sentinel-2,sentinel-2-l2a,S2B_MSIL2A_20250814T085559_R007_T33MXT_20250814T113424,2025-08-14 08:55:59.024000+00:00,0.171791,B02,C:\Users\eoughton\Desktop\Github\IGARSS26\outputs\bolobo_pilot\imagery_boundary_waterbody\sentinel-2\20250814_S2B_MSIL2A_20250814T085559_R007_T33MXT_20250814T113424\B02.tif,downloaded
sentinel-2,sentinel-2-l2a,S2B_MSIL2A_20250814T085559_R007_T33MXT_20250814T113424,2025-08-14 08:55:59.024000+00:00,0.171791,B03,C:\Users\eoughton\Desktop\Github\IGARSS26\outputs\bolobo_pilot\imagery_boundary_waterbody\sentinel-2\20250814_S2B_MSIL2A_20250814T085559_R007_T33MXT_20250814T113424\B03.tif,downloaded
sentinel-2,sentinel-2-l2a,S2B_MSIL2A_20250814T085559_R007_T33MXT_20250814T113424,2025-08-14 08:55:59.024000+00:00,0.171791,B04,C:\Users\eoughton\Desktop\Github\IGARSS26\outputs\bolobo_pilot\imagery_boundary_waterbody\sentinel-2\20250814_S2B_MSIL2A_20250814T085559_R007_T33MXT_20250814T113424\B04.tif,downloaded
sentinel-2,sentinel-2-l2a,S2B_MSIL2A_20250814T085559_R007_T33MXT_20250814T113424,2025-08-14 08:55:59.024000+00:00,0.171791,B08,C:\Users\eoughton\Desktop\Github\IGARSS26\outputs\bolobo_pilot\imagery_boundary_waterbody\sentinel-2\20250814_S2B_MSIL2A_20250814T085559_R007_T33MXT_20250814T113424\B08.tif,downloaded
sentinel-2,sentinel-2-l2a,S2B_MSIL2A_20250814T085559_R007_T33MXT_20250814T113424,2025-08-14 08:55:59.024000+00:00,0.171791,B11,C:\Users\eoughton\Desktop\Github\IGARSS26\outputs\bolobo_pilot\imagery_boundary_waterbody\sentinel-2\20250814_S2B_MSIL2A_20250814T085559_R007_T33MXT_20250814T113424\B11.tif,downloaded
sentinel-2,sentinel-2-l2a,S2B_MSIL2A_20250814T085559_R007_T33MXT_20250814T113424,2025-08-14 08:55:59.024000+00:00,0.171791,SCL,C:\Users\eoughton\Desktop\Github\IGARSS26\outputs\bolobo_pilot\imagery_boundary_waterbody\sentinel-2\20250814_S2B_MSIL2A_20250814T085559_R007_T33MXT_20250814T113424\SCL.tif,downloaded
sentinel-2,sentinel-2-l2a,S2B_MSIL2A_20220810T085559_R007_T33MXT_20220811T154053,2022-08-10 08:55:59.024000+00:00,0.198374,B02,C:\Users\eoughton\Desktop\Github\IGARSS26\outputs\bolobo_pilot\imagery_boundary_waterbody\sentinel-2\20220810_S2B_MSIL2A_20220810T085559_R007_T33MXT_20220811T154053\B02.tif,downloaded
sentinel-2,sentinel-2-l2a,S2B_MSIL2A_20220810T085559_R007_T33MXT_20220811T154053,2022-08-10 08:55:59.024000+00:00,0.198374,B03,C:\Users\eoughton\Desktop\Github\IGARSS26\outputs\bolobo_pilot\imagery_boundary_waterbody\sentinel-2\20220810_S2B_MSIL2A_20220810T085559_R007_T33MXT_20220811T154053\B03.tif,downloaded
sentinel-2,sentinel-2-l2a,S2B_MSIL2A_20220810T085559_R007_T33MXT_20220811T154053,2022-08-10 08:55:59.024000+00:00,0.198374,B04,C:\Users\eoughton\Desktop\Github\IGARSS26\outputs\bolobo_pilot\imagery_boundary_waterbody\sentinel-2\20220810_S2B_MSIL2A_20220810T085559_R007_T33MXT_20220811T154053\B04.tif,downloaded
sentinel-2,sentinel-2-l2a,S2B_MSIL2A_20220810T085559_R007_T33MXT_20220811T154053,2022-08-10 08:55:59.024000+00:00,0.198374,B08,C:\Users\eoughton\Desktop\Github\IGARSS26\outputs\bolobo_pilot\imagery_boundary_waterbody\sentinel-2\20220810_S2B_MSIL2A_20220810T085559_R007_T33MXT_20220811T154053\B08.tif,downloaded
sentinel-2,sentinel-2-l2a,S2B_MSIL2A_20220810T085559_R007_T33MXT_20220811T154053,2022-08-10 08:55:59.024000+00:00,0.198374,B11,C:\Users\eoughton\Desktop\Github\IGARSS26\outputs\bolobo_pilot\imagery_boundary_waterbody\sentinel-2\20220810_S2B_MSIL2A_20220810T085559_R007_T33MXT_20220811T154053\B11.tif,downloaded
sentinel-2,sentinel-2-l2a,S2B_MSIL2A_20220810T085559_R007_T33MXT_20220811T154053,2022-08-10 08:55:59.024000+00:00,0.198374,SCL,C:\Users\eoughton\Desktop\Github\IGARSS26\outputs\bolobo_pilot\imagery_boundary_waterbody\sentinel-2\20220810_S2B_MSIL2A_20220810T085559_R007_T33MXT_20220811T154053\SCL.tif,downloaded
sentinel-2,sentinel-2-l2a,S2B_MSIL2A_20220810T085559_R007_T33MXT_20240718T075314,2022-08-10 08:55:59.024000+00:00,0.199395,B02,C:\Users\eoughton\Desktop\Github\IGARSS26\outputs\bolobo_pilot\imagery_boundary_waterbody\sentinel-2\20220810_S2B_MSIL2A_20220810T085559_R007_T33MXT_20240718T075314\B02.tif,downloaded
sentinel-2,sentinel-2-l2a,S2B_MSIL2A_20220810T085559_R007_T33MXT_20240718T075314,2022-08-10 08:55:59.024000+00:00,0.199395,B03,C:\Users\eoughton\Desktop\Github\IGARSS26\outputs\bolobo_pilot\imagery_boundary_waterbody\sentinel-2\20220810_S2B_MSIL2A_20220810T085559_R007_T33MXT_20240718T075314\B03.tif,downloaded
sentinel-2,sentinel-2-l2a,S2B_MSIL2A_20220810T085559_R007_T33MXT_20240718T075314,2022-08-10 08:55:59.024000+00:00,0.199395,B04,C:\Users\eoughton\Desktop\Github\IGARSS26\outputs\bolobo_pilot\imagery_boundary_waterbody\sentinel-2\20220810_S2B_MSIL2A_20220810T085559_R007_T33MXT_20240718T075314\B04.tif,downloaded
sentinel-2,sentinel-2-l2a,S2B_MSIL2A_20220810T085559_R007_T33MXT_20240718T075314,2022-08-10 08:55:59.024000+00:00,0.199395,B08,C:\Users\eoughton\Desktop\Github\IGARSS26\outputs\bolobo_pilot\imagery_boundary_waterbody\sentinel-2\20220810_S2B_MSIL2A_20220810T085559_R007_T33MXT_20240718T075314\B08.tif,downloaded
sentinel-2,sentinel-2-l2a,S2B_MSIL2A_20220810T085559_R007_T33MXT_20240718T075314,2022-08-10 08:55:59.024000+00:00,0.199395,B11,C:\Users\eoughton\Desktop\Github\IGARSS26\outputs\bolobo_pilot\imagery_boundary_waterbody\sentinel-2\20220810_S2B_MSIL2A_20220810T085559_R007_T33MXT_20240718T075314\B11.tif,downloaded
sentinel-2,sentinel-2-l2a,S2B_MSIL2A_20220810T085559_R007_T33MXT_20240718T075314,2022-08-10 08:55:59.024000+00:00,0.199395,SCL,C:\Users\eoughton\Desktop\Github\IGARSS26\outputs\bolobo_pilot\imagery_boundary_waterbody\sentinel-2\20220810_S2B_MSIL2A_20220810T085559_R007_T33MXT_20240718T075314\SCL.tif,downloaded
sentinel-2,sentinel-2-l2a,S2B_MSIL2A_20230706T085559_R007_T33MXT_20230706T154119,2023-07-06 08:55:59.024000+00:00,0.269485,B02,C:\Users\eoughton\Desktop\Github\IGARSS26\outputs\bolobo_pilot\imagery_boundary_waterbody\sentinel-2\20230706_S2B_MSIL2A_20230706T085559_R007_T33MXT_20230706T154119\B02.tif,downloaded
sentinel-2,sentinel-2-l2a,S2B_MSIL2A_20230706T085559_R007_T33MXT_20230706T154119,2023-07-06 08:55:59.024000+00:00,0.269485,B03,C:\Users\eoughton\Desktop\Github\IGARSS26\outputs\bolobo_pilot\imagery_boundary_waterbody\sentinel-2\20230706_S2B_MSIL2A_20230706T085559_R007_T33MXT_20230706T154119\B03.tif,downloaded
sentinel-2,sentinel-2-l2a,S2B_MSIL2A_20230706T085559_R007_T33MXT_20230706T154119,2023-07-06 08:55:59.024000+00:00,0.269485,B04,C:\Users\eoughton\Desktop\Github\IGARSS26\outputs\bolobo_pilot\imagery_boundary_waterbody\sentinel-2\20230706_S2B_MSIL2A_20230706T085559_R007_T33MXT_20230706T154119\B04.tif,downloaded
sentinel-2,sentinel-2-l2a,S2B_MSIL2A_20230706T085559_R007_T33MXT_20230706T154119,2023-07-06 08:55:59.024000+00:00,0.269485,B08,C:\Users\eoughton\Desktop\Github\IGARSS26\outputs\bolobo_pilot\imagery_boundary_waterbody\sentinel-2\20230706_S2B_MSIL2A_20230706T085559_R007_T33MXT_20230706T154119\B08.tif,downloaded
sentinel-2,sentinel-2-l2a,S2B_MSIL2A_20230706T085559_R007_T33MXT_20230706T154119,2023-07-06 08:55:59.024000+00:00,0.269485,B11,C:\Users\eoughton\Desktop\Github\IGARSS26\outputs\bolobo_pilot\imagery_boundary_waterbody\sentinel-2\20230706_S2B_MSIL2A_20230706T085559_R007_T33MXT_20230706T154119\B11.tif,downloaded
sentinel-2,sentinel-2-l2a,S2B_MSIL2A_20230706T085559_R007_T33MXT_20230706T154119,2023-07-06 08:55:59.024000+00:00,0.269485,SCL,C:\Users\eoughton\Desktop\Github\IGARSS26\outputs\bolobo_pilot\imagery_boundary_waterbody\sentinel-2\20230706_S2B_MSIL2A_20230706T085559_R007_T33MXT_20230706T154119\SCL.tif,downloaded
sentinel-2,sentinel-2-l2a,S2C_MSIL2A_20250829T085611_R007_T33MXT_20250829T152907,2025-08-29 08:56:11.025000+00:00,0.302136,B02,C:\Users\eoughton\Desktop\Github\IGARSS26\outputs\bolobo_pilot\imagery_boundary_waterbody\sentinel-2\20250829_S2C_MSIL2A_20250829T085611_R007_T33MXT_20250829T152907\B02.tif,downloaded
sentinel-2,sentinel-2-l2a,S2C_MSIL2A_20250829T085611_R007_T33MXT_20250829T152907,2025-08-29 08:56:11.025000+00:00,0.302136,B03,C:\Users\eoughton\Desktop\Github\IGARSS26\outputs\bolobo_pilot\imagery_boundary_waterbody\sentinel-2\20250829_S2C_MSIL2A_20250829T085611_R007_T33MXT_20250829T152907\B03.tif,downloaded
sentinel-2,sentinel-2-l2a,S2C_MSIL2A_20250829T085611_R007_T33MXT_20250829T152907,2025-08-29 08:56:11.025000+00:00,0.302136,B04,C:\Users\eoughton\Desktop\Github\IGARSS26\outputs\bolobo_pilot\imagery_boundary_waterbody\sentinel-2\20250829_S2C_MSIL2A_20250829T085611_R007_T33MXT_20250829T152907\B04.tif,downloaded
sentinel-2,sentinel-2-l2a,S2C_MSIL2A_20250829T085611_R007_T33MXT_20250829T152907,2025-08-29 08:56:11.025000+00:00,0.302136,B08,C:\Users\eoughton\Desktop\Github\IGARSS26\outputs\bolobo_pilot\imagery_boundary_waterbody\sentinel-2\20250829_S2C_MSIL2A_20250829T085611_R007_T33MXT_20250829T152907\B08.tif,downloaded
sentinel-2,sentinel-2-l2a,S2C_MSIL2A_20250829T085611_R007_T33MXT_20250829T152907,2025-08-29 08:56:11.025000+00:00,0.302136,B11,C:\Users\eoughton\Desktop\Github\IGARSS26\outputs\bolobo_pilot\imagery_boundary_waterbody\sentinel-2\20250829_S2C_MSIL2A_20250829T085611_R007_T33MXT_20250829T152907\B11.tif,downloaded
sentinel-2,sentinel-2-l2a,S2C_MSIL2A_20250829T085611_R007_T33MXT_20250829T152907,2025-08-29 08:56:11.025000+00:00,0.302136,SCL,C:\Users\eoughton\Desktop\Github\IGARSS26\outputs\bolobo_pilot\imagery_boundary_waterbody\sentinel-2\20250829_S2C_MSIL2A_20250829T085611_R007_T33MXT_20250829T152907\SCL.tif,downloaded
sentinel-2,sentinel-2-l2a,S2B_MSIL2A_20240620T085559_R007_T33MXT_20240620T133946,2024-06-20 08:55:59.024000+00:00,0.351236,B02,C:\Users\eoughton\Desktop\Github\IGARSS26\outputs\bolobo_pilot\imagery_boundary_waterbody\sentinel-2\20240620_S2B_MSIL2A_20240620T085559_R007_T33MXT_20240620T133946\B02.tif,downloaded
sentinel-2,sentinel-2-l2a,S2B_MSIL2A_20240620T085559_R007_T33MXT_20240620T133946,2024-06-20 08:55:59.024000+00:00,0.351236,B03,C:\Users\eoughton\Desktop\Github\IGARSS26\outputs\bolobo_pilot\imagery_boundary_waterbody\sentinel-2\20240620_S2B_MSIL2A_20240620T085559_R007_T33MXT_20240620T133946\B03.tif,downloaded
sentinel-2,sentinel-2-l2a,S2B_MSIL2A_20240620T085559_R007_T33MXT_20240620T133946,2024-06-20 08:55:59.024000+00:00,0.351236,B04,C:\Users\eoughton\Desktop\Github\IGARSS26\outputs\bolobo_pilot\imagery_boundary_waterbody\sentinel-2\20240620_S2B_MSIL2A_20240620T085559_R007_T33MXT_20240620T133946\B04.tif,downloaded
sentinel-2,sentinel-2-l2a,S2B_MSIL2A_20240620T085559_R007_T33MXT_20240620T133946,2024-06-20 08:55:59.024000+00:00,0.351236,B08,C:\Users\eoughton\Desktop\Github\IGARSS26\outputs\bolobo_pilot\imagery_boundary_waterbody\sentinel-2\20240620_S2B_MSIL2A_20240620T085559_R007_T33MXT_20240620T133946\B08.tif,downloaded
sentinel-2,sentinel-2-l2a,S2B_MSIL2A_20240620T085559_R007_T33MXT_20240620T133946,2024-06-20 08:55:59.024000+00:00,0.351236,B11,C:\Users\eoughton\Desktop\Github\IGARSS26\outputs\bolobo_pilot\imagery_boundary_waterbody\sentinel-2\20240620_S2B_MSIL2A_20240620T085559_R007_T33MXT_20240620T133946\B11.tif,downloaded
sentinel-2,sentinel-2-l2a,S2B_MSIL2A_20240620T085559_R007_T33MXT_20240620T133946,2024-06-20 08:55:59.024000+00:00,0.351236,SCL,C:\Users\eoughton\Desktop\Github\IGARSS26\outputs\bolobo_pilot\imagery_boundary_waterbody\sentinel-2\20240620_S2B_MSIL2A_20240620T085559_R007_T33MXT_20240620T133946\SCL.tif,downloaded
